"module name","license","repository"
"@ai-sdk/openai@1.3.23","Apache-2.0","https://github.com/vercel/ai"
"@ai-sdk/provider-utils@2.2.8","Apache-2.0","https://github.com/vercel/ai"
"@ai-sdk/provider@1.1.3","Apache-2.0","https://github.com/vercel/ai"
"@ai-sdk/react@1.2.12","Apache-2.0","https://github.com/vercel/ai"
"@ai-sdk/ui-utils@1.2.11","Apache-2.0","https://github.com/vercel/ai"
"@babel/runtime@7.27.6","MIT","https://github.com/babel/babel"
"@date-fns/tz@1.2.0","MIT","https://github.com/date-fns/tz"
"@dnd-kit/accessibility@3.1.1","MIT","https://github.com/clauderic/dnd-kit"
"@dnd-kit/core@6.3.1","MIT","https://github.com/clauderic/dnd-kit"
"@dnd-kit/sortable@10.0.0","MIT","https://github.com/clauderic/dnd-kit"
"@dnd-kit/utilities@3.2.2","MIT","https://github.com/clauderic/dnd-kit"
"@floating-ui/core@1.7.3","MIT","https://github.com/floating-ui/floating-ui"
"@floating-ui/dom@1.7.4","MIT","https://github.com/floating-ui/floating-ui"
"@floating-ui/react-dom@2.1.6","MIT","https://github.com/floating-ui/floating-ui"
"@floating-ui/react@0.26.28","MIT","https://github.com/floating-ui/floating-ui"
"@floating-ui/react@0.27.16","MIT","https://github.com/floating-ui/floating-ui"
"@floating-ui/utils@0.2.10","MIT","https://github.com/floating-ui/floating-ui"
"@headlessui/react@2.2.5","MIT","https://github.com/tailwindlabs/headlessui"
"@hello-pangea/dnd@18.0.1","Apache-2.0","https://github.com/hello-pangea/dnd"
"@hookform/resolvers@5.1.1","MIT","https://github.com/react-hook-form/resolvers"
"@icons-pack/react-simple-icons@13.6.0","MIT","https://github.com/icons-pack/react-simple-icons"
"@lexical/clipboard@0.35.0","MIT","https://github.com/facebook/lexical"
"@lexical/code@0.35.0","MIT","https://github.com/facebook/lexical"
"@lexical/devtools-core@0.35.0","MIT","https://github.com/facebook/lexical"
"@lexical/dragon@0.35.0","MIT","https://github.com/facebook/lexical"
"@lexical/hashtag@0.35.0","MIT","https://github.com/facebook/lexical"
"@lexical/history@0.35.0","MIT","https://github.com/facebook/lexical"
"@lexical/html@0.35.0","MIT","https://github.com/facebook/lexical"
"@lexical/link@0.35.0","MIT","https://github.com/facebook/lexical"
"@lexical/list@0.35.0","MIT","https://github.com/facebook/lexical"
"@lexical/mark@0.35.0","MIT","https://github.com/facebook/lexical"
"@lexical/markdown@0.35.0","MIT","https://github.com/facebook/lexical"
"@lexical/offset@0.35.0","MIT","https://github.com/facebook/lexical"
"@lexical/overflow@0.35.0","MIT","https://github.com/facebook/lexical"
"@lexical/plain-text@0.35.0","MIT","https://github.com/facebook/lexical"
"@lexical/react@0.35.0","MIT","https://github.com/facebook/lexical"
"@lexical/rich-text@0.35.0","MIT","https://github.com/facebook/lexical"
"@lexical/selection@0.35.0","MIT","https://github.com/facebook/lexical"
"@lexical/table@0.35.0","MIT","https://github.com/facebook/lexical"
"@lexical/text@0.35.0","MIT","https://github.com/facebook/lexical"
"@lexical/utils@0.35.0","MIT","https://github.com/facebook/lexical"
"@lexical/yjs@0.35.0","MIT","https://github.com/facebook/lexical"
"@next/env@14.2.3","MIT","https://github.com/vercel/next.js"
"@next/swc-darwin-arm64@14.2.3","MIT","https://github.com/vercel/next.js"
"@opentelemetry/api@1.9.0","Apache-2.0","https://github.com/open-telemetry/opentelemetry-js"
"@radix-ui/number@1.1.1","MIT","https://github.com/radix-ui/primitives"
"@radix-ui/primitive@1.1.2","MIT","https://github.com/radix-ui/primitives"
"@radix-ui/primitive@1.1.3","MIT","https://github.com/radix-ui/primitives"
"@radix-ui/react-accessible-icon@1.1.7","MIT","https://github.com/radix-ui/primitives"
"@radix-ui/react-accordion@1.2.11","MIT","https://github.com/radix-ui/primitives"
"@radix-ui/react-alert-dialog@1.1.14","MIT","https://github.com/radix-ui/primitives"
"@radix-ui/react-arrow@1.1.7","MIT","https://github.com/radix-ui/primitives"
"@radix-ui/react-aspect-ratio@1.1.7","MIT","https://github.com/radix-ui/primitives"
"@radix-ui/react-avatar@1.1.10","MIT","https://github.com/radix-ui/primitives"
"@radix-ui/react-checkbox@1.3.2","MIT","https://github.com/radix-ui/primitives"
"@radix-ui/react-collapsible@1.1.11","MIT","https://github.com/radix-ui/primitives"
"@radix-ui/react-collection@1.1.7","MIT","https://github.com/radix-ui/primitives"
"@radix-ui/react-compose-refs@1.1.2","MIT","https://github.com/radix-ui/primitives"
"@radix-ui/react-context-menu@2.2.15","MIT","https://github.com/radix-ui/primitives"
"@radix-ui/react-context@1.1.2","MIT","https://github.com/radix-ui/primitives"
"@radix-ui/react-dialog@1.1.14","MIT","https://github.com/radix-ui/primitives"
"@radix-ui/react-direction@1.1.1","MIT","https://github.com/radix-ui/primitives"
"@radix-ui/react-dismissable-layer@1.1.10","MIT","https://github.com/radix-ui/primitives"
"@radix-ui/react-dismissable-layer@1.1.11","MIT","https://github.com/radix-ui/primitives"
"@radix-ui/react-dropdown-menu@2.1.15","MIT","https://github.com/radix-ui/primitives"
"@radix-ui/react-focus-guards@1.1.2","MIT","https://github.com/radix-ui/primitives"
"@radix-ui/react-focus-guards@1.1.3","MIT","https://github.com/radix-ui/primitives"
"@radix-ui/react-focus-scope@1.1.7","MIT","https://github.com/radix-ui/primitives"
"@radix-ui/react-form@0.1.7","MIT","https://github.com/radix-ui/primitives"
"@radix-ui/react-hover-card@1.1.14","MIT","https://github.com/radix-ui/primitives"
"@radix-ui/react-id@1.1.1","MIT","https://github.com/radix-ui/primitives"
"@radix-ui/react-label@2.1.7","MIT","https://github.com/radix-ui/primitives"
"@radix-ui/react-menu@2.1.15","MIT","https://github.com/radix-ui/primitives"
"@radix-ui/react-menubar@1.1.15","MIT","https://github.com/radix-ui/primitives"
"@radix-ui/react-navigation-menu@1.2.13","MIT","https://github.com/radix-ui/primitives"
"@radix-ui/react-one-time-password-field@0.1.7","MIT","https://github.com/radix-ui/primitives"
"@radix-ui/react-password-toggle-field@0.1.2","MIT","https://github.com/radix-ui/primitives"
"@radix-ui/react-popover@1.1.14","MIT","https://github.com/radix-ui/primitives"
"@radix-ui/react-popover@1.1.15","MIT","https://github.com/radix-ui/primitives"
"@radix-ui/react-popper@1.2.7","MIT","https://github.com/radix-ui/primitives"
"@radix-ui/react-popper@1.2.8","MIT","https://github.com/radix-ui/primitives"
"@radix-ui/react-portal@1.1.9","MIT","https://github.com/radix-ui/primitives"
"@radix-ui/react-presence@1.1.4","MIT","https://github.com/radix-ui/primitives"
"@radix-ui/react-presence@1.1.5","MIT","https://github.com/radix-ui/primitives"
"@radix-ui/react-primitive@2.1.3","MIT","https://github.com/radix-ui/primitives"
"@radix-ui/react-progress@1.1.7","MIT","https://github.com/radix-ui/primitives"
"@radix-ui/react-radio-group@1.3.7","MIT","https://github.com/radix-ui/primitives"
"@radix-ui/react-roving-focus@1.1.10","MIT","https://github.com/radix-ui/primitives"
"@radix-ui/react-roving-focus@1.1.11","MIT","https://github.com/radix-ui/primitives"
"@radix-ui/react-scroll-area@1.2.9","MIT","https://github.com/radix-ui/primitives"
"@radix-ui/react-select@2.2.5","MIT","https://github.com/radix-ui/primitives"
"@radix-ui/react-separator@1.1.7","MIT","https://github.com/radix-ui/primitives"
"@radix-ui/react-slider@1.3.5","MIT","https://github.com/radix-ui/primitives"
"@radix-ui/react-slot@1.2.3","MIT","https://github.com/radix-ui/primitives"
"@radix-ui/react-switch@1.2.5","MIT","https://github.com/radix-ui/primitives"
"@radix-ui/react-tabs@1.1.12","MIT","https://github.com/radix-ui/primitives"
"@radix-ui/react-tabs@1.1.13","MIT","https://github.com/radix-ui/primitives"
"@radix-ui/react-toast@1.2.14","MIT","https://github.com/radix-ui/primitives"
"@radix-ui/react-toggle-group@1.1.10","MIT","https://github.com/radix-ui/primitives"
"@radix-ui/react-toggle@1.1.9","MIT","https://github.com/radix-ui/primitives"
"@radix-ui/react-toolbar@1.1.10","MIT","https://github.com/radix-ui/primitives"
"@radix-ui/react-tooltip@1.2.7","MIT","https://github.com/radix-ui/primitives"
"@radix-ui/react-tooltip@1.2.8","MIT","https://github.com/radix-ui/primitives"
"@radix-ui/react-use-callback-ref@1.1.1","MIT","https://github.com/radix-ui/primitives"
"@radix-ui/react-use-controllable-state@1.2.2","MIT","https://github.com/radix-ui/primitives"
"@radix-ui/react-use-effect-event@0.0.2","MIT","https://github.com/radix-ui/primitives"
"@radix-ui/react-use-escape-keydown@1.1.1","MIT","https://github.com/radix-ui/primitives"
"@radix-ui/react-use-is-hydrated@0.1.0","MIT","https://github.com/radix-ui/primitives"
"@radix-ui/react-use-layout-effect@1.1.1","MIT","https://github.com/radix-ui/primitives"
"@radix-ui/react-use-previous@1.1.1","MIT","https://github.com/radix-ui/primitives"
"@radix-ui/react-use-rect@1.1.1","MIT","https://github.com/radix-ui/primitives"
"@radix-ui/react-use-size@1.1.1","MIT","https://github.com/radix-ui/primitives"
"@radix-ui/react-visually-hidden@1.2.3","MIT","https://github.com/radix-ui/primitives"
"@radix-ui/rect@1.1.1","MIT","https://github.com/radix-ui/primitives"
"@react-aria/focus@3.21.0","Apache-2.0","https://github.com/adobe/react-spectrum"
"@react-aria/interactions@3.25.4","Apache-2.0","https://github.com/adobe/react-spectrum"
"@react-aria/ssr@3.9.10","Apache-2.0","https://github.com/adobe/react-spectrum"
"@react-aria/utils@3.30.0","Apache-2.0","https://github.com/adobe/react-spectrum"
"@react-dnd/asap@5.0.2","MIT","https://github.com/react-dnd/react-dnd"
"@react-dnd/invariant@4.0.2","MIT","https://github.com/react-dnd/react-dnd"
"@react-dnd/shallowequal@4.0.2","MIT","https://github.com/react-dnd/react-dnd"
"@react-stately/flags@3.1.2","Apache-2.0","https://github.com/adobe/react-spectrum"
"@react-stately/utils@3.10.8","Apache-2.0","https://github.com/adobe/react-spectrum"
"@react-types/shared@3.31.0","Apache-2.0","https://github.com/adobe/react-spectrum"
"@remirror/core-constants@3.0.0","MIT","https://github.com/remirror/remirror"
"@shikijs/core@3.8.1","MIT","https://github.com/shikijs/shiki"
"@shikijs/engine-javascript@3.8.1","MIT","https://github.com/shikijs/shiki"
"@shikijs/engine-oniguruma@3.8.1","MIT","https://github.com/shikijs/shiki"
"@shikijs/langs@3.8.1","MIT","https://github.com/shikijs/shiki"
"@shikijs/themes@3.8.1","MIT","https://github.com/shikijs/shiki"
"@shikijs/transformers@3.8.1","MIT","https://github.com/shikijs/shiki"
"@shikijs/types@3.8.1","MIT","https://github.com/shikijs/shiki"
"@shikijs/vscode-textmate@10.0.2","MIT","https://github.com/shikijs/vscode-textmate"
"@standard-schema/utils@0.3.0","MIT","https://github.com/standard-schema/standard-schema"
"@supabase/auth-js@2.71.1","MIT","https://github.com/supabase/auth-js"
"@supabase/functions-js@2.4.5","MIT","https://github.com/supabase/functions-js"
"@supabase/node-fetch@2.6.15","MIT","https://github.com/supabase/node-fetch"
"@supabase/postgrest-js@1.19.4","MIT","https://github.com/supabase/postgrest-js"
"@supabase/realtime-js@2.11.15","MIT","https://github.com/supabase/realtime-js"
"@supabase/ssr@0.6.1","MIT","https://github.com/supabase/ssr"
"@supabase/storage-js@2.7.1","MIT","https://github.com/supabase/storage-js"
"@supabase/supabase-js@2.52.1","MIT","https://github.com/supabase/supabase-js"
"@swc/counter@0.1.3","Apache-2.0","https://github.com/swc-project/pkgs"
"@swc/helpers@0.5.17","Apache-2.0","https://github.com/swc-project/swc"
"@swc/helpers@0.5.5","Apache-2.0","https://github.com/swc-project/swc"
"@tanstack/query-core@5.83.0","MIT","https://github.com/TanStack/query"
"@tanstack/react-query@5.83.0","MIT","https://github.com/TanStack/query"
"@tanstack/react-table@8.21.3","MIT","https://github.com/TanStack/table"
"@tanstack/react-virtual@3.13.12","MIT","https://github.com/TanStack/virtual"
"@tanstack/table-core@8.21.3","MIT","https://github.com/TanStack/table"
"@tanstack/virtual-core@3.13.12","MIT","https://github.com/TanStack/virtual"
"@tiptap/core@3.4.2","MIT","https://github.com/ueberdosis/tiptap"
"@tiptap/extension-blockquote@3.4.2","MIT","https://github.com/ueberdosis/tiptap"
"@tiptap/extension-bold@3.4.2","MIT","https://github.com/ueberdosis/tiptap"
"@tiptap/extension-bubble-menu@3.4.2","MIT","https://github.com/ueberdosis/tiptap"
"@tiptap/extension-bullet-list@3.4.2","MIT","https://github.com/ueberdosis/tiptap"
"@tiptap/extension-code-block@3.4.2","MIT","https://github.com/ueberdosis/tiptap"
"@tiptap/extension-code@3.4.2","MIT","https://github.com/ueberdosis/tiptap"
"@tiptap/extension-document@3.4.2","MIT","https://github.com/ueberdosis/tiptap"
"@tiptap/extension-dropcursor@3.4.2","MIT","https://github.com/ueberdosis/tiptap"
"@tiptap/extension-floating-menu@3.4.2","MIT","https://github.com/ueberdosis/tiptap"
"@tiptap/extension-gapcursor@3.4.2","MIT","https://github.com/ueberdosis/tiptap"
"@tiptap/extension-hard-break@3.4.2","MIT","https://github.com/ueberdosis/tiptap"
"@tiptap/extension-heading@3.4.2","MIT","https://github.com/ueberdosis/tiptap"
"@tiptap/extension-horizontal-rule@3.4.2","MIT","https://github.com/ueberdosis/tiptap"
"@tiptap/extension-italic@3.4.2","MIT","https://github.com/ueberdosis/tiptap"
"@tiptap/extension-link@3.4.2","MIT","https://github.com/ueberdosis/tiptap"
"@tiptap/extension-list-item@3.4.2","MIT","https://github.com/ueberdosis/tiptap"
"@tiptap/extension-list-keymap@3.4.2","MIT","https://github.com/ueberdosis/tiptap"
"@tiptap/extension-list@3.4.2","MIT","https://github.com/ueberdosis/tiptap"
"@tiptap/extension-ordered-list@3.4.2","MIT","https://github.com/ueberdosis/tiptap"
"@tiptap/extension-paragraph@3.4.2","MIT","https://github.com/ueberdosis/tiptap"
"@tiptap/extension-placeholder@3.0.7","MIT","https://github.com/ueberdosis/tiptap"
"@tiptap/extension-strike@3.4.2","MIT","https://github.com/ueberdosis/tiptap"
"@tiptap/extension-task-item@3.4.2","MIT","https://github.com/ueberdosis/tiptap"
"@tiptap/extension-task-list@3.4.2","MIT","https://github.com/ueberdosis/tiptap"
"@tiptap/extension-text@3.4.2","MIT","https://github.com/ueberdosis/tiptap"
"@tiptap/extension-underline@3.4.2","MIT","https://github.com/ueberdosis/tiptap"
"@tiptap/extensions@3.4.2","MIT","https://github.com/ueberdosis/tiptap"
"@tiptap/pm@3.4.2","MIT","https://github.com/ueberdosis/tiptap"
"@tiptap/react@3.4.2","MIT","https://github.com/ueberdosis/tiptap"
"@tiptap/starter-kit@3.4.2","MIT","https://github.com/ueberdosis/tiptap"
"@types/debug@4.1.12","MIT","https://github.com/DefinitelyTyped/DefinitelyTyped"
"@types/diff-match-patch@1.0.36","MIT","https://github.com/DefinitelyTyped/DefinitelyTyped"
"@types/dompurify@3.0.5","MIT","https://github.com/DefinitelyTyped/DefinitelyTyped"
"@types/estree-jsx@1.0.5","MIT","https://github.com/DefinitelyTyped/DefinitelyTyped"
"@types/estree@1.0.8","MIT","https://github.com/DefinitelyTyped/DefinitelyTyped"
"@types/hast@3.0.4","MIT","https://github.com/DefinitelyTyped/DefinitelyTyped"
"@types/linkify-it@5.0.0","MIT","https://github.com/DefinitelyTyped/DefinitelyTyped"
"@types/markdown-it@14.1.2","MIT","https://github.com/DefinitelyTyped/DefinitelyTyped"
"@types/mdast@4.0.4","MIT","https://github.com/DefinitelyTyped/DefinitelyTyped"
"@types/mdurl@2.0.0","MIT","https://github.com/DefinitelyTyped/DefinitelyTyped"
"@types/ms@2.1.0","MIT","https://github.com/DefinitelyTyped/DefinitelyTyped"
"@types/node@20.19.9","MIT","https://github.com/DefinitelyTyped/DefinitelyTyped"
"@types/phoenix@1.6.6","MIT","https://github.com/DefinitelyTyped/DefinitelyTyped"
"@types/prop-types@15.7.15","MIT","https://github.com/DefinitelyTyped/DefinitelyTyped"
"@types/react-dom@18.3.7","MIT","https://github.com/DefinitelyTyped/DefinitelyTyped"
"@types/react-window@1.8.8","MIT","https://github.com/DefinitelyTyped/DefinitelyTyped"
"@types/react@18.3.23","MIT","https://github.com/DefinitelyTyped/DefinitelyTyped"
"@types/trusted-types@2.0.7","MIT","https://github.com/DefinitelyTyped/DefinitelyTyped"
"@types/unist@2.0.11","MIT","https://github.com/DefinitelyTyped/DefinitelyTyped"
"@types/unist@3.0.3","MIT","https://github.com/DefinitelyTyped/DefinitelyTyped"
"@types/use-sync-external-store@0.0.6","MIT","https://github.com/DefinitelyTyped/DefinitelyTyped"
"@types/ws@8.18.1","MIT","https://github.com/DefinitelyTyped/DefinitelyTyped"
"@ungap/structured-clone@1.3.0","ISC","https://github.com/ungap/structured-clone"
"@vercel/analytics@1.5.0","MPL-2.0","https://github.com/vercel/analytics"
"@vercel/speed-insights@1.2.0","Apache-2.0","https://github.com/vercel/speed-insights"
"ai@4.3.19","Apache-2.0","https://github.com/vercel/ai"
"argparse@2.0.1","Python-2.0","https://github.com/nodeca/argparse"
"aria-hidden@1.2.6","MIT","https://github.com/theKashey/aria-hidden"
"bail@2.0.2","MIT","https://github.com/wooorm/bail"
"boxlog-app@0.1.0","UNLICENSED",""
"busboy@1.6.0","MIT","https://github.com/mscdex/busboy"
"caniuse-lite@1.0.30001743","CC-BY-4.0","https://github.com/browserslist/caniuse-lite"
"ccount@2.0.1","MIT","https://github.com/wooorm/ccount"
"chalk@5.4.1","MIT","https://github.com/chalk/chalk"
"character-entities-html4@2.1.0","MIT","https://github.com/wooorm/character-entities-html4"
"character-entities-legacy@3.0.0","MIT","https://github.com/wooorm/character-entities-legacy"
"character-entities@2.0.2","MIT","https://github.com/wooorm/character-entities"
"character-reference-invalid@2.0.1","MIT","https://github.com/wooorm/character-reference-invalid"
"class-variance-authority@0.7.1","Apache-2.0","https://github.com/joe-bell/cva"
"client-only@0.0.1","MIT",""
"clsx@2.1.1","MIT","https://github.com/lukeed/clsx"
"cmdk@1.1.1","MIT","https://github.com/pacocoursey/cmdk"
"color-convert@3.1.0","MIT","https://github.com/Qix-/color-convert"
"color-name@2.0.0","MIT","https://github.com/colorjs/color-name"
"color-string@2.0.1","MIT","https://github.com/Qix-/color-string"
"color@5.0.0","MIT","https://github.com/Qix-/color"
"comma-separated-tokens@2.0.3","MIT","https://github.com/wooorm/comma-separated-tokens"
"cookie@1.0.2","MIT","https://github.com/jshttp/cookie"
"crelt@1.0.6","MIT","https://github.com/marijnh/crelt"
"css-box-model@1.2.1","MIT","https://github.com/alexreardon/css-box-model"
"csstype@3.1.3","MIT","https://github.com/frenic/csstype"
"date-fns-jalali@4.1.0-0","MIT","https://github.com/date-fns-jalali/date-fns-jalali"
"date-fns-tz@3.2.0","MIT","https://github.com/marnusw/date-fns-tz"
"date-fns@4.1.0","MIT","https://github.com/date-fns/date-fns"
"debug@4.4.1","MIT","https://github.com/debug-js/debug"
"decode-named-character-reference@1.2.0","MIT","https://github.com/wooorm/decode-named-character-reference"
"dequal@2.0.3","MIT","https://github.com/lukeed/dequal"
"detect-node-es@1.1.0","MIT","https://github.com/thekashey/detect-node"
"devlop@1.1.0","MIT","https://github.com/wooorm/devlop"
"diff-match-patch@1.0.5","Apache-2.0","https://github.com/JackuB/diff-match-patch"
"dnd-core@16.0.1","MIT","https://github.com/react-dnd/react-dnd"
"dompurify@3.2.7","(MPL-2.0 OR Apache-2.0)","https://github.com/cure53/DOMPurify"
"dotenv@17.2.0","BSD-2-Clause","https://github.com/motdotla/dotenv"
"entities@4.5.0","BSD-2-Clause","https://github.com/fb55/entities"
"escape-string-regexp@4.0.0","MIT","https://github.com/sindresorhus/escape-string-regexp"
"escape-string-regexp@5.0.0","MIT","https://github.com/sindresorhus/escape-string-regexp"
"estree-util-is-identifier-name@3.0.0","MIT","https://github.com/syntax-tree/estree-util-is-identifier-name"
"extend@3.0.2","MIT","https://github.com/justmoon/node-extend"
"fast-deep-equal@3.1.3","MIT","https://github.com/epoberezkin/fast-deep-equal"
"framer-motion@11.18.2","MIT","https://github.com/motiondivision/motion"
"framer-motion@12.23.7","MIT","https://github.com/motiondivision/motion"
"get-nonce@1.0.1","MIT","https://github.com/theKashey/get-nonce"
"graceful-fs@4.2.11","ISC","https://github.com/isaacs/node-graceful-fs"
"hast-util-to-html@9.0.5","MIT","https://github.com/syntax-tree/hast-util-to-html"
"hast-util-to-jsx-runtime@2.3.6","MIT","https://github.com/syntax-tree/hast-util-to-jsx-runtime"
"hast-util-whitespace@3.0.0","MIT","https://github.com/syntax-tree/hast-util-whitespace"
"hoist-non-react-statics@3.3.2","BSD-3-Clause","https://github.com/mridgway/hoist-non-react-statics"
"html-url-attributes@3.0.1","MIT","https://github.com/rehypejs/rehype-minify/tree/main/packages/html-url-attributes"
"html-void-elements@3.0.0","MIT","https://github.com/wooorm/html-void-elements"
"inline-style-parser@0.2.4","MIT","https://github.com/remarkablemark/inline-style-parser"
"is-alphabetical@2.0.1","MIT","https://github.com/wooorm/is-alphabetical"
"is-alphanumerical@2.0.1","MIT","https://github.com/wooorm/is-alphanumerical"
"is-decimal@2.0.1","MIT","https://github.com/wooorm/is-decimal"
"is-hexadecimal@2.0.1","MIT","https://github.com/wooorm/is-hexadecimal"
"is-plain-obj@4.1.0","MIT","https://github.com/sindresorhus/is-plain-obj"
"isomorphic.js@0.2.5","MIT","https://github.com/dmonad/isomorphic.js"
"isows@1.0.7","MIT","https://github.com/wevm/isows"
"jotai@2.12.5","MIT","https://github.com/pmndrs/jotai"
"js-tokens@4.0.0","MIT","https://github.com/lydell/js-tokens"
"json-schema@0.4.0","(AFL-2.1 OR BSD-3-Clause)","https://github.com/kriszyp/json-schema"
"jsondiffpatch@0.6.0","MIT","https://github.com/benjamine/jsondiffpatch"
"lexical@0.35.0","MIT","https://github.com/facebook/lexical"
"lib0@0.2.114","MIT","https://github.com/dmonad/lib0"
"linkify-it@5.0.0","MIT","https://github.com/markdown-it/linkify-it"
"linkifyjs@4.3.2","MIT","https://github.com/nfrasser/linkifyjs"
"longest-streak@3.1.0","MIT","https://github.com/wooorm/longest-streak"
"loose-envify@1.4.0","MIT","https://github.com/zertosh/loose-envify"
"lucide-react@0.539.0","ISC","https://github.com/lucide-icons/lucide"
"markdown-it@14.1.0","MIT","https://github.com/markdown-it/markdown-it"
"markdown-table@3.0.4","MIT","https://github.com/wooorm/markdown-table"
"mdast-util-find-and-replace@3.0.2","MIT","https://github.com/syntax-tree/mdast-util-find-and-replace"
"mdast-util-from-markdown@2.0.2","MIT","https://github.com/syntax-tree/mdast-util-from-markdown"
"mdast-util-gfm-autolink-literal@2.0.1","MIT","https://github.com/syntax-tree/mdast-util-gfm-autolink-literal"
"mdast-util-gfm-footnote@2.1.0","MIT","https://github.com/syntax-tree/mdast-util-gfm-footnote"
"mdast-util-gfm-strikethrough@2.0.0","MIT","https://github.com/syntax-tree/mdast-util-gfm-strikethrough"
"mdast-util-gfm-table@2.0.0","MIT","https://github.com/syntax-tree/mdast-util-gfm-table"
"mdast-util-gfm-task-list-item@2.0.0","MIT","https://github.com/syntax-tree/mdast-util-gfm-task-list-item"
"mdast-util-gfm@3.1.0","MIT","https://github.com/syntax-tree/mdast-util-gfm"
"mdast-util-mdx-expression@2.0.1","MIT","https://github.com/syntax-tree/mdast-util-mdx-expression"
"mdast-util-mdx-jsx@3.2.0","MIT","https://github.com/syntax-tree/mdast-util-mdx-jsx"
"mdast-util-mdxjs-esm@2.0.1","MIT","https://github.com/syntax-tree/mdast-util-mdxjs-esm"
"mdast-util-phrasing@4.1.0","MIT","https://github.com/syntax-tree/mdast-util-phrasing"
"mdast-util-to-hast@13.2.0","MIT","https://github.com/syntax-tree/mdast-util-to-hast"
"mdast-util-to-markdown@2.1.2","MIT","https://github.com/syntax-tree/mdast-util-to-markdown"
"mdast-util-to-string@4.0.0","MIT","https://github.com/syntax-tree/mdast-util-to-string"
"mdurl@2.0.0","MIT","https://github.com/markdown-it/mdurl"
"memoize-one@5.2.1","MIT","https://github.com/alexreardon/memoize-one"
"micromark-core-commonmark@2.0.3","MIT","https://github.com/micromark/micromark/tree/main/packages/micromark-core-commonmark"
"micromark-extension-gfm-autolink-literal@2.1.0","MIT","https://github.com/micromark/micromark-extension-gfm-autolink-literal"
"micromark-extension-gfm-footnote@2.1.0","MIT","https://github.com/micromark/micromark-extension-gfm-footnote"
"micromark-extension-gfm-strikethrough@2.1.0","MIT","https://github.com/micromark/micromark-extension-gfm-strikethrough"
"micromark-extension-gfm-table@2.1.1","MIT","https://github.com/micromark/micromark-extension-gfm-table"
"micromark-extension-gfm-tagfilter@2.0.0","MIT","https://github.com/micromark/micromark-extension-gfm-tagfilter"
"micromark-extension-gfm-task-list-item@2.1.0","MIT","https://github.com/micromark/micromark-extension-gfm-task-list-item"
"micromark-extension-gfm@3.0.0","MIT","https://github.com/micromark/micromark-extension-gfm"
"micromark-factory-destination@2.0.1","MIT","https://github.com/micromark/micromark/tree/main/packages/micromark-factory-destination"
"micromark-factory-label@2.0.1","MIT","https://github.com/micromark/micromark/tree/main/packages/micromark-factory-label"
"micromark-factory-space@2.0.1","MIT","https://github.com/micromark/micromark/tree/main/packages/micromark-factory-space"
"micromark-factory-title@2.0.1","MIT","https://github.com/micromark/micromark/tree/main/packages/micromark-factory-title"
"micromark-factory-whitespace@2.0.1","MIT","https://github.com/micromark/micromark/tree/main/packages/micromark-factory-whitespace"
"micromark-util-character@2.1.1","MIT","https://github.com/micromark/micromark/tree/main/packages/micromark-util-character"
"micromark-util-chunked@2.0.1","MIT","https://github.com/micromark/micromark/tree/main/packages/micromark-util-chunked"
"micromark-util-classify-character@2.0.1","MIT","https://github.com/micromark/micromark/tree/main/packages/micromark-util-classify-character"
"micromark-util-combine-extensions@2.0.1","MIT","https://github.com/micromark/micromark/tree/main/packages/micromark-util-combine-extensions"
"micromark-util-decode-numeric-character-reference@2.0.2","MIT","https://github.com/micromark/micromark/tree/main/packages/micromark-util-decode-numeric-character-reference"
"micromark-util-decode-string@2.0.1","MIT","https://github.com/micromark/micromark/tree/main/packages/micromark-util-decode-string"
"micromark-util-encode@2.0.1","MIT","https://github.com/micromark/micromark/tree/main/packages/micromark-util-encode"
"micromark-util-html-tag-name@2.0.1","MIT","https://github.com/micromark/micromark/tree/main/packages/micromark-util-html-tag-name"
"micromark-util-normalize-identifier@2.0.1","MIT","https://github.com/micromark/micromark/tree/main/packages/micromark-util-normalize-identifier"
"micromark-util-resolve-all@2.0.1","MIT","https://github.com/micromark/micromark/tree/main/packages/micromark-util-resolve-all"
"micromark-util-sanitize-uri@2.0.1","MIT","https://github.com/micromark/micromark/tree/main/packages/micromark-util-sanitize-uri"
"micromark-util-subtokenize@2.1.0","MIT","https://github.com/micromark/micromark/tree/main/packages/micromark-util-subtokenize"
"micromark-util-symbol@2.0.1","MIT","https://github.com/micromark/micromark/tree/main/packages/micromark-util-symbol"
"micromark-util-types@2.0.2","MIT","https://github.com/micromark/micromark/tree/main/packages/micromark-util-types"
"micromark@4.0.2","MIT","https://github.com/micromark/micromark/tree/main/packages/micromark"
"motion-dom@11.18.1","MIT","https://github.com/motiondivision/motion"
"motion-dom@12.23.7","MIT","https://github.com/motiondivision/motion"
"motion-utils@11.18.1","MIT","https://github.com/motiondivision/motion"
"motion-utils@12.23.6","MIT","https://github.com/motiondivision/motion"
"motion@12.23.7","MIT","https://github.com/motiondivision/motion"
"ms@2.1.3","MIT","https://github.com/vercel/ms"
"nanoid@3.3.11","MIT","https://github.com/ai/nanoid"
"next@14.2.3","MIT","https://github.com/vercel/next.js"
"oniguruma-parser@0.12.1","MIT","https://github.com/slevithan/oniguruma-parser"
"oniguruma-to-es@4.3.3","MIT","https://github.com/slevithan/oniguruma-to-es"
"orderedmap@2.1.1","MIT","https://github.com/marijnh/orderedmap"
"parse-entities@4.0.2","MIT","https://github.com/wooorm/parse-entities"
"picocolors@1.1.1","ISC","https://github.com/alexeyraspopov/picocolors"
"postcss@8.4.31","MIT","https://github.com/postcss/postcss"
"prismjs@1.30.0","MIT","https://github.com/PrismJS/prism"
"property-information@7.1.0","MIT","https://github.com/wooorm/property-information"
"prosemirror-changeset@2.3.1","MIT","https://github.com/prosemirror/prosemirror-changeset"
"prosemirror-collab@1.3.1","MIT","https://github.com/prosemirror/prosemirror-collab"
"prosemirror-commands@1.7.1","MIT","https://github.com/prosemirror/prosemirror-commands"
"prosemirror-dropcursor@1.8.2","MIT","https://github.com/prosemirror/prosemirror-dropcursor"
"prosemirror-gapcursor@1.3.2","MIT","https://github.com/prosemirror/prosemirror-gapcursor"
"prosemirror-history@1.4.1","MIT","https://github.com/prosemirror/prosemirror-history"
"prosemirror-inputrules@1.5.0","MIT","https://github.com/prosemirror/prosemirror-inputrules"
"prosemirror-keymap@1.2.3","MIT","https://github.com/prosemirror/prosemirror-keymap"
"prosemirror-markdown@1.13.2","MIT","https://github.com/prosemirror/prosemirror-markdown"
"prosemirror-menu@1.2.5","MIT","https://github.com/prosemirror/prosemirror-menu"
"prosemirror-model@1.25.2","MIT","https://github.com/prosemirror/prosemirror-model"
"prosemirror-schema-basic@1.2.4","MIT","https://github.com/prosemirror/prosemirror-schema-basic"
"prosemirror-schema-list@1.5.1","MIT","https://github.com/prosemirror/prosemirror-schema-list"
"prosemirror-state@1.4.3","MIT","https://github.com/prosemirror/prosemirror-state"
"prosemirror-tables@1.7.1","MIT","https://github.com/prosemirror/prosemirror-tables"
"prosemirror-trailing-node@3.0.0","MIT","https://github.com/remirror/remirror"
"prosemirror-transform@1.10.4","MIT","https://github.com/prosemirror/prosemirror-transform"
"prosemirror-view@1.40.1","MIT","https://github.com/prosemirror/prosemirror-view"
"punycode.js@2.3.1","MIT","https://github.com/mathiasbynens/punycode.js"
"radix-ui@1.4.2","MIT","https://github.com/radix-ui/primitives"
"raf-schd@4.0.3","MIT","https://github.com/alexreardon/raf-schd"
"react-day-picker@9.8.0","MIT","https://github.com/gpbl/react-day-picker"
"react-dnd-html5-backend@16.0.1","MIT","https://github.com/react-dnd/react-dnd"
"react-dnd@16.0.1","MIT","https://github.com/react-dnd/react-dnd"
"react-dom@18.3.1","MIT","https://github.com/facebook/react"
"react-error-boundary@3.1.4","MIT","https://github.com/bvaughn/react-error-boundary"
"react-hook-form@7.61.0","MIT","https://github.com/react-hook-form/react-hook-form"
"react-is@16.13.1","MIT","https://github.com/facebook/react"
"react-markdown@10.1.0","MIT","https://github.com/remarkjs/react-markdown"
"react-redux@9.2.0","MIT","https://github.com/reduxjs/react-redux"
"react-remove-scroll-bar@2.3.8","MIT","https://github.com/theKashey/react-remove-scroll-bar"
"react-remove-scroll@2.7.1","MIT","https://github.com/theKashey/react-remove-scroll"
"react-style-singleton@2.2.3","MIT","https://github.com/theKashey/react-style-singleton"
"react-window@1.8.11","MIT","https://github.com/bvaughn/react-window"
"react@18.3.1","MIT","https://github.com/facebook/react"
"redux@4.2.1","MIT","https://github.com/reduxjs/redux"
"redux@5.0.1","MIT","https://github.com/reduxjs/redux"
"regex-recursion@6.0.2","MIT","https://github.com/slevithan/regex-recursion"
"regex-utilities@2.3.0","MIT","https://github.com/slevithan/regex-utilities"
"regex@6.0.1","MIT","https://github.com/slevithan/regex"
"remark-gfm@4.0.1","MIT","https://github.com/remarkjs/remark-gfm"
"remark-parse@11.0.0","MIT","https://github.com/remarkjs/remark/tree/main/packages/remark-parse"
"remark-rehype@11.1.2","MIT","https://github.com/remarkjs/remark-rehype"
"remark-stringify@11.0.0","MIT","https://github.com/remarkjs/remark/tree/main/packages/remark-stringify"
"rope-sequence@1.3.4","MIT","https://github.com/marijnh/rope-sequence"
"scheduler@0.23.2","MIT","https://github.com/facebook/react"
"secure-json-parse@2.7.0","BSD-3-Clause","https://github.com/fastify/secure-json-parse"
"shiki@3.8.1","MIT","https://github.com/shikijs/shiki"
"source-map-js@1.2.1","BSD-3-Clause","https://github.com/7rulnik/source-map-js"
"space-separated-tokens@2.0.2","MIT","https://github.com/wooorm/space-separated-tokens"
"streamsearch@1.1.0","MIT","https://github.com/mscdex/streamsearch"
"stringify-entities@4.0.4","MIT","https://github.com/wooorm/stringify-entities"
"style-to-js@1.1.17","MIT","https://github.com/remarkablemark/style-to-js"
"style-to-object@1.0.9","MIT","https://github.com/remarkablemark/style-to-object"
"styled-jsx@5.1.1","MIT","https://github.com/vercel/styled-jsx"
"swr@2.3.4","MIT","https://github.com/vercel/swr"
"tabbable@6.2.0","MIT","https://github.com/focus-trap/tabbable"
"tailwind-merge@3.3.1","MIT","https://github.com/dcastil/tailwind-merge"
"throttleit@2.1.0","MIT","https://github.com/sindresorhus/throttleit"
"tiny-invariant@1.3.3","MIT","https://github.com/alexreardon/tiny-invariant"
"tr46@0.0.3","MIT","https://github.com/Sebmaster/tr46.js"
"trim-lines@3.0.1","MIT","https://github.com/wooorm/trim-lines"
"trough@2.2.0","MIT","https://github.com/wooorm/trough"
"tslib@2.8.1","0BSD","https://github.com/Microsoft/tslib"
"tunnel-rat@0.1.2","MIT","https://github.com/pmndrs/tunnel-rat"
"uc.micro@2.1.0","MIT","https://github.com/markdown-it/uc.micro"
"undici-types@6.21.0","MIT","https://github.com/nodejs/undici"
"unified@11.0.5","MIT","https://github.com/unifiedjs/unified"
"unist-util-is@6.0.0","MIT","https://github.com/syntax-tree/unist-util-is"
"unist-util-position@5.0.0","MIT","https://github.com/syntax-tree/unist-util-position"
"unist-util-stringify-position@4.0.0","MIT","https://github.com/syntax-tree/unist-util-stringify-position"
"unist-util-visit-parents@6.0.1","MIT","https://github.com/syntax-tree/unist-util-visit-parents"
"unist-util-visit@5.0.0","MIT","https://github.com/syntax-tree/unist-util-visit"
"use-callback-ref@1.3.3","MIT","https://github.com/theKashey/use-callback-ref"
"use-sidecar@1.1.3","MIT","https://github.com/theKashey/use-sidecar"
"use-stick-to-bottom@1.1.1","MIT","https://github.com/stackblitz/use-stick-to-bottom"
"use-sync-external-store@1.5.0","MIT","https://github.com/facebook/react"
"vfile-message@4.0.2","MIT","https://github.com/vfile/vfile-message"
"vfile@6.0.3","MIT","https://github.com/vfile/vfile"
"w3c-keyname@2.2.8","MIT","https://github.com/marijnh/w3c-keyname"
"webidl-conversions@3.0.1","BSD-2-Clause","https://github.com/jsdom/webidl-conversions"
"whatwg-url@5.0.0","MIT","https://github.com/jsdom/whatwg-url"
"ws@8.18.3","MIT","https://github.com/websockets/ws"
"yjs@13.6.27","MIT","https://github.com/yjs/yjs"
"zod-to-json-schema@3.24.6","ISC","https://github.com/StefanTerdell/zod-to-json-schema"
"zod@3.25.76","MIT","https://github.com/colinhacks/zod"
"zustand@4.5.7","MIT","https://github.com/pmndrs/zustand"
"zustand@5.0.6","MIT","https://github.com/pmndrs/zustand"
"zwitch@2.0.4","MIT","https://github.com/wooorm/zwitch"
